{
  "mainAssemblyName": "BlazorCookbookApp.Client",
  "resources": {
    "hash": "sha256-W7RVJmzeHoUiQrzbU/ULyDEsplqCIz+5+HynF+k0k5U=",
    "fingerprinting": {
      "BlazorCookbookApp.Client.kcbz4qbwaj.wasm": "BlazorCookbookApp.Client.wasm",
      "Microsoft.AspNetCore.Components.17lzw6ks22.wasm": "Microsoft.AspNetCore.Components.wasm",
      "Microsoft.AspNetCore.Components.Web.jds8s57ddm.wasm": "Microsoft.AspNetCore.Components.Web.wasm",
      "Microsoft.AspNetCore.Components.WebAssembly.vdjzgy4s0z.wasm": "Microsoft.AspNetCore.Components.WebAssembly.wasm",
      "Microsoft.Extensions.Configuration.Abstractions.u3l5g6tuv0.wasm": "Microsoft.Extensions.Configuration.Abstractions.wasm",
      "Microsoft.Extensions.Configuration.Json.7d9a22amlg.wasm": "Microsoft.Extensions.Configuration.Json.wasm",
      "Microsoft.Extensions.Configuration.iclqaprdn6.wasm": "Microsoft.Extensions.Configuration.wasm",
      "Microsoft.Extensions.DependencyInjection.Abstractions.h16j3aoy9x.wasm": "Microsoft.Extensions.DependencyInjection.Abstractions.wasm",
      "Microsoft.Extensions.DependencyInjection.clr2lmubvg.wasm": "Microsoft.Extensions.DependencyInjection.wasm",
      "Microsoft.Extensions.Logging.Abstractions.qktkku5msp.wasm": "Microsoft.Extensions.Logging.Abstractions.wasm",
      "Microsoft.Extensions.Logging.g06jewh4ge.wasm": "Microsoft.Extensions.Logging.wasm",
      "Microsoft.Extensions.Options.joqem177vi.wasm": "Microsoft.Extensions.Options.wasm",
      "Microsoft.Extensions.Primitives.d3wgq36rl4.wasm": "Microsoft.Extensions.Primitives.wasm",
      "Microsoft.JSInterop.vllxxpyqll.wasm": "Microsoft.JSInterop.wasm",
      "Microsoft.JSInterop.WebAssembly.y1ydbrr1bj.wasm": "Microsoft.JSInterop.WebAssembly.wasm",
      "System.Collections.Concurrent.uammomwfay.wasm": "System.Collections.Concurrent.wasm",
      "System.Collections.Immutable.nhu5dmkq7j.wasm": "System.Collections.Immutable.wasm",
      "System.Collections.0r2116mu4q.wasm": "System.Collections.wasm",
      "System.ComponentModel.ek5njsetz3.wasm": "System.ComponentModel.wasm",
      "System.Console.d3ztgmgtm1.wasm": "System.Console.wasm",
      "System.IO.Pipelines.ij3x2x6ncl.wasm": "System.IO.Pipelines.wasm",
      "System.Linq.zcp6g37ldo.wasm": "System.Linq.wasm",
      "System.Memory.g5sf0fdajj.wasm": "System.Memory.wasm",
      "System.Private.CoreLib.xkqt1f7vg4.wasm": "System.Private.CoreLib.wasm",
      "System.Private.Uri.dmloxrq9lg.wasm": "System.Private.Uri.wasm",
      "System.Runtime.InteropServices.JavaScript.y36s1wmxlz.wasm": "System.Runtime.InteropServices.JavaScript.wasm",
      "System.Runtime.de1nwspnv7.wasm": "System.Runtime.wasm",
      "System.Text.Encodings.Web.ja6se5ql7p.wasm": "System.Text.Encodings.Web.wasm",
      "System.Text.Json.u93pa0l0y4.wasm": "System.Text.Json.wasm",
      "System.Text.RegularExpressions.o2rzi2i7j8.wasm": "System.Text.RegularExpressions.wasm",
      "dotnet.native.qqumt3dtyr.js": "dotnet.native.js",
      "dotnet.native.8pktyq8bo0.wasm": "dotnet.native.wasm",
      "dotnet.js": "dotnet.js",
      "dotnet.runtime.d1pzlaz2ez.js": "dotnet.runtime.js",
      "icudt_CJK.tjcz0u77k5.dat": "icudt_CJK.dat",
      "icudt_EFIGS.tptq2av103.dat": "icudt_EFIGS.dat",
      "icudt_no_CJK.lfu7j35m59.dat": "icudt_no_CJK.dat"
    },
    "jsModuleNative": {
      "dotnet.native.qqumt3dtyr.js": "sha256-3oEpHHwXjDvW7IlI/BHXP9Dgr63VKZqSl/S8qlnxNRg="
    },
    "jsModuleRuntime": {
      "dotnet.runtime.d1pzlaz2ez.js": "sha256-gbZjXNFbH7V8lcix+H0TUDJHLeFUA3n3IMu7fLh4D80="
    },
    "wasmNative": {
      "dotnet.native.8pktyq8bo0.wasm": "sha256-DFh+WUYQbmdRuji4v5kG4Ec7hwS4ntvqch2yhIhddaE="
    },
    "icu": {
      "icudt_CJK.tjcz0u77k5.dat": "sha256-SZLtQnRc0JkwqHab0VUVP7T3uBPSeYzxzDnpxPpUnHk=",
      "icudt_EFIGS.tptq2av103.dat": "sha256-8fItetYY8kQ0ww6oxwTLiT3oXlBwHKumbeP2pRF4yTc=",
      "icudt_no_CJK.lfu7j35m59.dat": "sha256-L7sV7NEYP37/Qr2FPCePo5cJqRgTXRwGHuwF5Q+0Nfs="
    },
    "coreAssembly": {
      "System.Private.CoreLib.xkqt1f7vg4.wasm": "sha256-L2ferdgPDDOeXLps+nUsLmzdRjXceSVd4kmOo6/aSqM=",
      "System.Runtime.InteropServices.JavaScript.y36s1wmxlz.wasm": "sha256-7s5Unc47t4I9CwoI8FKoMtA60LapOYTnlJd80fameEI="
    },
    "assembly": {
      "BlazorCookbookApp.Client.kcbz4qbwaj.wasm": "sha256-zP9XDPJDe8SpwN2txZ61EHkOE6HxaGAFGb2uFndRQn0=",
      "Microsoft.AspNetCore.Components.17lzw6ks22.wasm": "sha256-DY4zr8U9EFBVfQ0HxakM6d1pTZecxWm1lYC4eFo3N78=",
      "Microsoft.AspNetCore.Components.Web.jds8s57ddm.wasm": "sha256-p8FwKMd7p3dg0c8PCdm5IJJt93tFhqZn//nWhJLL4ZA=",
      "Microsoft.AspNetCore.Components.WebAssembly.vdjzgy4s0z.wasm": "sha256-42QEyG0I5Phre4f4KvZZkZZ6w9xnckN7QdYg7Nr041I=",
      "Microsoft.Extensions.Configuration.Abstractions.u3l5g6tuv0.wasm": "sha256-GjI9vkQKnVxmTLe8o7kZYAwFxKE0/UQnSKrzxuXGAsQ=",
      "Microsoft.Extensions.Configuration.Json.7d9a22amlg.wasm": "sha256-FQjLsQaz4KTpgQKQkcTn5A5IuUgcYT6MpYuBsN/vjX0=",
      "Microsoft.Extensions.Configuration.iclqaprdn6.wasm": "sha256-kizMyczNs6pFkLVfw3WQsZxAo/8HgmtiDuHyKMQLmpA=",
      "Microsoft.Extensions.DependencyInjection.Abstractions.h16j3aoy9x.wasm": "sha256-VfAf/mvsWBNMPcnqa+erG1x1krs8rzpbppork+wcq/w=",
      "Microsoft.Extensions.DependencyInjection.clr2lmubvg.wasm": "sha256-MOVlPkeO9+8Nu3CBHZqiF9YgpspbjBuCIS4K9LqliPs=",
      "Microsoft.Extensions.Logging.Abstractions.qktkku5msp.wasm": "sha256-um7zqI+8RBZK/YbwIv/DIYpNI/cBEBSrJEQPPOy5xhM=",
      "Microsoft.Extensions.Logging.g06jewh4ge.wasm": "sha256-0PwVT3DJI3W4JqGJbzbuXm7Z6pEsGxwIJp8zWaidzJw=",
      "Microsoft.Extensions.Options.joqem177vi.wasm": "sha256-kyiN7zINxrUkN5fOrWJtGVRjJsYGGdbMge3fAHERYn0=",
      "Microsoft.Extensions.Primitives.d3wgq36rl4.wasm": "sha256-h5NZkc/k5fCAY0YtMbZJAG1jmRkKz+HSOMiuRxFP8as=",
      "Microsoft.JSInterop.vllxxpyqll.wasm": "sha256-o1A7RYF+OAkzNWIEGltWoVZA4DnL7CYcYRsVZmZz9SE=",
      "Microsoft.JSInterop.WebAssembly.y1ydbrr1bj.wasm": "sha256-WuuQXW1+AnPHafZKt7ukqmwRDrGYbEV2LhxNuPl+ybo=",
      "System.Collections.Concurrent.uammomwfay.wasm": "sha256-mvV0c1ddguDQsM1inyYa3RG6pwBD3pAMQUvcX7c9UnY=",
      "System.Collections.Immutable.nhu5dmkq7j.wasm": "sha256-ZdGRjVVAtZbDjCPrc1YugCn0rmzVykm4damg03XAww0=",
      "System.Collections.0r2116mu4q.wasm": "sha256-LB1NbmVY+HNV7XSGvxoIMsqC/CTrNpTGbrHX/D4L1gA=",
      "System.ComponentModel.ek5njsetz3.wasm": "sha256-7n7ghIpXsa9b0B2ogCKFeKszbubZfTop3s6xAVOqZ9I=",
      "System.Console.d3ztgmgtm1.wasm": "sha256-F0He4IDqwbaFTo7TBKrdAUBUqzgsaedxY3G5o2VU0xE=",
      "System.IO.Pipelines.ij3x2x6ncl.wasm": "sha256-0uljQYkN7r22Bww1ENZAVGTupoPwfKICKYE7IbIfkLU=",
      "System.Linq.zcp6g37ldo.wasm": "sha256-HY7fYEF3xpTIYhI6NWdsF0i7klEOR6jQ4V/b8FPZHs4=",
      "System.Memory.g5sf0fdajj.wasm": "sha256-vNeDdoRRdSiX7LqJuHZZuiImIjaK18jzznPDNCrspfo=",
      "System.Private.Uri.dmloxrq9lg.wasm": "sha256-dXBLfsiDrVAlq118xkaCtFuhPyr8wE3aRFmftslRdW0=",
      "System.Runtime.de1nwspnv7.wasm": "sha256-Kzl2R9DUd5PGA1Cev8L97uL0zf7JgZkWwPMU75qQ/sU=",
      "System.Text.Encodings.Web.ja6se5ql7p.wasm": "sha256-JQ/yOwdAA2q4Vs5eFGHOKULwoOSHepZpr+MK2quiZOw=",
      "System.Text.Json.u93pa0l0y4.wasm": "sha256-0nbwSDJN6TofCR7dRVJthNFoOU5NdBoyzFtHdVa6lXs=",
      "System.Text.RegularExpressions.o2rzi2i7j8.wasm": "sha256-MBJ+bFjiXfG1OMC72fKRKDckc6qLXJWn7VkUHOwM/fE="
    }
  },
  "cacheBootResources": true,
  "debugLevel": 0,
  "linkerEnabled": true,
  "appsettings": [
    "../appsettings.Development.json",
    "../appsettings.json"
  ],
  "globalizationMode": "sharded",
  "extensions": {
    "blazor": {}
  }
}